{"average_distance": 0.0034251719962692384, "average_price": 0.47211078103519116, "profits": 0, "producer": "producer1"}